{"stats":{"minecraft:crafted":{"minecraft:oak_planks":20,"travelersbackpack:crafting_upgrade":1,"minecraft:cooked_chicken":30,"werewolves:stone_altar_fire_bowl":4,"travelersbackpack:yellow_sleeping_bag":1,"minecraft:stone":58,"minecraft:cooked_mutton":11,"werewolves:liver":8,"minecraft:glass":12,"minecraft:chest":1,"minecraft:stone_bricks":56,"minecraft:golden_boots":1,"travelersbackpack:iron_tier_upgrade":1,"biomesoplenty:jacaranda_planks":16,"minecraft:cooked_porkchop":3,"minecraft:crafting_table":3,"minecraft:spruce_planks":8,"travelersbackpack:standard":3,"werewolves:stone_altar":1,"minecraft:smithing_table":1,"iceandfire:armor_white_boots":1,"biomesoplenty:fir_planks":36,"biomesoplenty:redwood_boat":1,"iceandfire:dragonbone_sword_ice":1,"minecraft:shield":1,"minecraft:book":1,"minecraft:paper":9,"minecraft:charcoal":9,"minecraft:yellow_dye":1,"iceandfire:armor_white_helmet":1,"minecraft:stick":28,"minecraft:iron_ingot":10,"minecraft:iron_pickaxe":2,"iceandfire:armor_white_chestplate":1,"minecraft:gold_ingot":11,"iceandfire:dragonbone_sword_fire":1,"biomesoplenty:maple_planks":8,"minecraft:furnace":6,"travelersbackpack:gold_tier_upgrade":1,"travelersbackpack:white_sleeping_bag":1,"minecraft:iron_axe":1,"minecraft:stone_pickaxe":1,"minecraft:spruce_boat":1,"alexsmobs:flying_fish_boots":1,"minecraft:cooked_beef":31,"iceandfire:dragonbone_sword":1,"biomesoplenty:fir_boat":1,"minecraft:enchanting_table":1,"biomesoplenty:redwood_planks":8,"travelersbackpack:backpack_tank":2,"minecraft:cooked_salmon":1,"minecraft:stone_axe":2,"minecraft:air":0,"iceandfire:armor_white_leggings":1,"minecraft:white_wool":1,"minecraft:iron_leggings":1,"minecraft:torch":88,"vampirism:heart_seeker_enhanced":1,"biomesoplenty:maple_door":3},"minecraft:picked_up":{"minecraft:wooden_axe":1,"minecraft:iron_chestplate":12,"minecraft:wheat":60,"minecraft:diamond_sword":6,"minecraft:wither_rose":4,"minecraft:potion":2,"travelersbackpack:spider":2,"iceandfire:tide_blue_helmet":1,"iceandfire:manuscript":16,"minecraft:string":108,"minecraft:raw_copper":7,"minecraft:cooked_salmon":12,"minecraft:iron_leggings":9,"biomesoplenty:tall_lavender":3,"werewolves:wolf_berries":178,"minecraft:experience_bottle":128,"biomesoplenty:maple_door":1,"vampirism:obi_belt":5,"alexsmobs:dropbear_claw":2,"minecraft:diamond_leggings":1,"minecraft:gold_nugget":80,"minecraft:cobbled_deepslate":405,"biomesoplenty:fir_planks":6,"minecraft:iron_pickaxe":9,"werewolves:pelt":10,"alexsmobs:raccoon_tail":1,"iceandfire:frozen_gravel":6,"biomesoplenty:redwood_wood":2,"minecraft:melon_slice":1,"minecraft:iron_boots":10,"iceandfire:pixie_dust":4,"minecraft:stick":20,"travelersbackpack:yellow_sleeping_bag":2,"minecraft:oak_fence":3,"minecraft:torch":109,"werewolves:liver":185,"iceandfire:dragonscales_white":59,"minecraft:spruce_stairs":2,"minecraft:porkchop":41,"biomesoplenty:orange_maple_sapling":1,"werewolves:wolfsbane":2,"werewolves:dark_pelt":7,"vampirism:vampire_fang":6,"minecraft:diorite":3,"vampirism:amulet":2,"minecraft:rotten_flesh":91,"alexsmobs:flying_fish_boots":2,"iceandfire:fire_dragon_heart":2,"minecraft:iron_block":4,"minecraft:obsidian":3,"alexsmobs:lobster_tail":1,"minecraft:blaze_rod":5,"vampirism:heart_seeker_enhanced":1,"minecraft:iron_bars":1,"minecraft:cod":1,"minecraft:snowball":1,"alexsmobs:flying_fish":4,"minecraft:cobblestone":1709,"biomesoplenty:lavender":21,"minecraft:enchanting_table":1,"iceandfire:tide_blue_boots":1,"vampirism:vampire_book":2,"minecraft:feather":151,"minecraft:cooked_beef":66,"minecraft:water_bucket":5,"minecraft:andesite":3,"minecraft:golden_leggings":3,"minecraft:potato":1,"biomesoplenty:fir_sapling":10,"biomesoplenty:fir_log":85,"alexsmobs:bison_fur":2,"minecraft:flint":16,"minecraft:tuff":19,"minecraft:dirt":422,"iceandfire:dragonscales_bronze":5,"minecraft:glass":23,"minecraft:bone":34,"minecraft:bow":3,"minecraft:wheat_seeds":186,"biomesoplenty:fir_boat":4,"minecraft:raw_gold":55,"minecraft:mossy_stone_bricks":2,"minecraft:diamond_helmet":1,"minecraft:glowstone_dust":47,"minecraft:oak_planks":3,"biomesoplenty:toadstool":9,"vampirism:ring":3,"iceandfire:dragon_skull_fire":1,"iceandfire:shiny_scales":5,"minecraft:sand":158,"minecraft:stripped_spruce_log":2,"minecraft:ink_sac":31,"iceandfire:frozen_dirt":3,"alexsmobs:animal_dictionary":3,"iceandfire:chared_cobblestone":19,"minecraft:diamond":25,"minecraft:spruce_boat":2,"iceandfire:fire_dragon_blood":1,"waystones:waystone":1,"iceandfire:dragon_ice":12,"minecraft:cracked_polished_blackstone_bricks":1,"alexsmobs:maggot":3,"minecraft:chainmail_helmet":2,"minecraft:emerald":54,"werewolves:cracked_bone":117,"iceandfire:troll_leather_forest":3,"iceandfire:gorgon_head":1,"minecraft:oak_sapling":2,"minecraft:netherrack":10,"iceandfire:silver_nugget":192,"iceandfire:raw_silver":10,"minecraft:diamond_pickaxe":2,"minecraft:fishing_rod":2,"minecraft:crafting_table":7,"minecraft:chicken":148,"iceandfire:witherbone":1,"minecraft:nether_wart":40,"minecraft:gold_block":1,"gravestone:obituary":16,"minecraft:shield":5,"iceandfire:dragonegg_silver":1,"alexsmobs:pigshoes":1,"minecraft:iron_axe":4,"minecraft:flint_and_steel":6,"biomesoplenty:maple_planks":2,"minecraft:beef":74,"vampirism:injection_empty":6,"werewolves:bone_necklace":2,"minecraft:sugar_cane":43,"iceandfire:tide_blue_chestplate":1,"minecraft:egg":14,"iceandfire:ice_dragon_heart":2,"minecraft:raw_iron":37,"iceandfire:dragonbone":95,"iceandfire:dragonscales_green":3,"minecraft:polished_blackstone_bricks":1,"werewolves:raw_silver":4,"werewolves:stone_altar_fire_bowl":3,"minecraft:redstone":10,"iceandfire:dragon_skull_ice":4,"iceandfire:silver_ingot":4,"minecraft:arrow":61,"minecraft:diamond_chestplate":1,"biomesoplenty:jacaranda_log":12,"iceandfire:dragonscales_silver":13,"iceandfire:chared_dirt":1,"minecraft:diamond_boots":1,"minecraft:gold_ingot":4,"minecraft:mutton":68,"minecraft:skeleton_skull":1,"minecraft:white_wool":38,"vampirism:vampire_blood_bottle":3,"minecraft:basalt":1,"iceandfire:sea_serpent_fang":3,"travelersbackpack:melon":2,"minecraft:salmon":1,"minecraft:leather":58,"minecraft:red_mushroom":8,"werewolves:dream_catcher":2,"werewolves:werewolf_tooth":10,"minecraft:oak_log":5,"iceandfire:ectoplasm":5,"minecraft:yellow_bed":1,"minecraft:gunpowder":6,"minecraft:cooked_mutton":34,"vampirism:human_heart":28,"minecraft:heart_of_the_sea":2,"biomesoplenty:maple_log":4,"minecraft:iron_ingot":16,"minecraft:stone_pickaxe":5,"minecraft:cooked_chicken":11,"minecraft:cobweb":7,"minecraft:glass_bottle":6,"vampirism:holy_water_bottle_ultimate":2,"minecraft:iron_sword":13,"iceandfire:sea_serpent_scales_deepblue":8,"iceandfire:fire_dragon_flesh":4,"werewolves:stone_altar":9,"iceandfire:chared_stone":23,"minecraft:sweet_berries":21,"iceandfire:dragonbone_sword":2,"iceandfire:ash":5,"minecraft:quartz":46,"minecraft:dandelion":1,"minecraft:gravel":133,"minecraft:spruce_sapling":4,"minecraft:white_bed":10,"minecraft:crying_obsidian":1,"minecraft:spider_eye":10,"iceandfire:tide_blue_leggings":1,"biomesoplenty:yellow_maple_sapling":1,"minecraft:stone_axe":3,"minecraft:iron_helmet":8,"iceandfire:ice_dragon_flesh":10,"minecraft:coal":157},"minecraft:broken":{"minecraft:golden_boots":1,"minecraft:iron_boots":1,"minecraft:iron_chestplate":1,"minecraft:iron_leggings":1,"minecraft:golden_leggings":1,"minecraft:wooden_axe":1,"minecraft:chainmail_helmet":1,"minecraft:iron_axe":1},"minecraft:killed":{"vampirism:vampire":12,"minecraft:cave_spider":5,"alexsmobs:lobster":2,"vampirism:advanced_vampire":4,"minecraft:spider":28,"minecraft:skeleton":31,"vampirism:blinding_bat":2,"werewolves:werewolf_beast":16,"minecraft:chicken":59,"vampirism:advanced_hunter":4,"minecraft:piglin":1,"minecraft:pig":18,"alexsmobs:seal":3,"minecraft:creeper":5,"vampirism:hunter":60,"minecraft:sheep":22,"minecraft:zombie":87,"alexsmobs:terrapin":2,"alexsmobs:fly":1,"iceandfire:sea_serpent":1,"werewolves:werewolf_survivalist":19,"minecraft:cow":33,"alexsmobs:dropbear":1,"alexsmobs:raccoon":2,"minecraft:phantom":2,"minecraft:horse":3,"werewolves:alpha_werewolf":2,"alexsmobs:blue_jay":1,"iceandfire:fire_dragon":2,"iceandfire:siren":1,"alexsmobs:bison":1,"minecraft:drowned":4,"alexsmobs:flying_fish":2,"alexsmobs:gelada_monkey":1,"iceandfire:ghost":6,"iceandfire:ice_dragon":3,"minecraft:wither_skeleton":2},"minecraft:used":{"iceandfire:dragon_skull_ice":4,"minecraft:chest":10,"minecraft:shield":34,"minecraft:iron_sword":710,"minecraft:zombie_spawn_egg":7,"minecraft:rotten_flesh":28,"werewolves:human_werewolf_spawn_egg":2,"minecraft:iron_chestplate":1,"minecraft:mutton":2,"minecraft:tuff":19,"minecraft:milk_bucket":1,"minecraft:spruce_boat":2,"werewolves:stone_altar":10,"minecraft:lava_bucket":1,"alexsmobs:lobster_tail":1,"minecraft:grass_block":102,"minecraft:iron_helmet":2,"iceandfire:chared_stone":14,"minecraft:sweet_berries":28,"minecraft:furnace":6,"minecraft:potato":9,"biomesoplenty:fir_fence":38,"minecraft:diamond_boots":1,"minecraft:cow_spawn_egg":11,"minecraft:stone_pickaxe":80,"iceandfire:dragonbone_sword_ice":100,"alexsmobs:flying_fish_boots":2,"vampirism:human_heart":14,"biomesoplenty:fir_planks":3,"biomesoplenty:fir_boat":4,"travelersbackpack:melon":5,"minecraft:sugar_cane":66,"minecraft:sand":3,"waystones:waystone":1,"werewolves:stone_altar_fire_bowl":7,"minecraft:melon_slice":1,"iceandfire:ice_dragon_flesh":3,"minecraft:gravel":2,"iceandfire:chared_cobblestone":5,"minecraft:diamond_sword":1124,"iceandfire:dragon_skull_fire":1,"minecraft:smithing_table":1,"minecraft:cobweb":4,"minecraft:experience_bottle":192,"minecraft:enchanting_table":2,"minecraft:flint_and_steel":25,"minecraft:cooked_salmon":2,"minecraft:cooked_chicken":30,"minecraft:stone_hoe":27,"minecraft:torch":97,"minecraft:dirt":269,"minecraft:wooden_axe":47,"minecraft:bookshelf":20,"vampirism:sunscreen_beacon":2,"minecraft:iron_axe":260,"minecraft:chicken_spawn_egg":26,"minecraft:iron_boots":3,"werewolves:wolf_berries":184,"biomesoplenty:redwood_boat":1,"minecraft:cooked_beef":155,"minecraft:cobbled_deepslate":17,"minecraft:iron_leggings":2,"minecraft:wheat_seeds":58,"minecraft:cooked_mutton":35,"minecraft:water_bucket":94,"iceandfire:fire_dragon_flesh":4,"minecraft:polished_blackstone_bricks":1,"minecraft:crafting_table":4,"minecraft:spider_eye":2,"minecraft:white_bed":8,"biomesoplenty:maple_door":1,"alexsmobs:flying_fish":2,"minecraft:diamond_pickaxe":736,"iceandfire:dragonbone_sword_fire":48,"minecraft:iron_pickaxe":216,"werewolves:liver":8,"minecraft:stone_axe":22,"minecraft:potion":1,"minecraft:cobblestone":189,"travelersbackpack:standard":8,"minecraft:porkchop":2,"minecraft:cooked_porkchop":3,"minecraft:bucket":67,"alexsmobs:animal_dictionary":2,"biomesoplenty:fir_log":7,"travelersbackpack:yellow_sleeping_bag":2},"minecraft:custom":{"minecraft:animals_bred":19,"minecraft:interact_with_crafting_table":54,"minecraft:open_barrel":1,"werewolves:action_time_rage":14068,"minecraft:leave_game":24,"minecraft:time_since_death":18600,"minecraft:sprint_one_cm":1236095,"minecraft:damage_blocked_by_shield":2304,"minecraft:drop":355,"vampirism:interact_with_coffin":13,"vampirism:interact_with_totem":12,"minecraft:talked_to_villager":12,"minecraft:play_time":1120261,"minecraft:deaths":32,"minecraft:jump":19119,"minecraft:walk_on_water_one_cm":366742,"vampirism:interact_with_blood_grinder":2,"minecraft:enchant_item":4,"minecraft:interact_with_furnace":99,"werewolves:action_time_human_form":189149,"minecraft:traded_with_villager":4,"minecraft:sleep_in_bed":28,"vampirism:actions_used":147,"minecraft:waystone_activated":3,"werewolves:action_used_beast_form":57,"vampirism:tasks_accepted":2,"minecraft:damage_dealt":103657,"werewolves:action_used_rage":20,"minecraft:player_kills":4,"minecraft:crouch_one_cm":13115,"minecraft:interact_with_smithing_table":7,"minecraft:mob_kills":463,"minecraft:damage_dealt_resisted":6022,"werewolves:action_used_human_form":59,"minecraft:climb_one_cm":1501,"minecraft:walk_one_cm":2295198,"vampirism:skills_unlocked":163,"vampirism:capture_village":1,"minecraft:sneak_time":12313,"minecraft:walk_under_water_one_cm":158994,"minecraft:boat_one_cm":691843,"minecraft:total_world_time":1120261,"vampirism:win_village_capture":2,"vampirism:blood_drunk":32800,"minecraft:time_since_rest":18644,"minecraft:damage_taken":27760,"minecraft:trigger_trapped_chest":4,"werewolves:action_time_beast_form":85794,"werewolves:action_used_howling":11,"minecraft:swim_one_cm":147331,"minecraft:fly_one_cm":4301161,"minecraft:open_chest":297,"vampirism:defend_village":1,"minecraft:fall_one_cm":489376},"minecraft:killed_by":{"vampirism:advanced_vampire":1,"iceandfire:cyclops":1,"iceandfire:sea_serpent":1,"vampirism:vampire_baron":1,"minecraft:cave_spider":1,"alexsmobs:dropbear":1,"iceandfire:ice_dragon":6,"vampirism:hunter":2,"iceandfire:fire_dragon":11,"minecraft:player":1,"minecraft:spider":1,"iceandfire:ghost":1,"werewolves:werewolf_survivalist":1},"minecraft:mined":{"minecraft:white_bed":5,"minecraft:obsidian":4,"minecraft:grass_block":37,"minecraft:cracked_polished_blackstone_bricks":1,"minecraft:nether_wart":40,"minecraft:tall_seagrass":2,"minecraft:polished_blackstone_bricks":3,"biomesoplenty:tall_lavender":2,"minecraft:glowstone":12,"minecraft:dark_oak_trapdoor":1,"minecraft:iron_ore":20,"minecraft:fire":16,"minecraft:cobbled_deepslate":2,"biomesoplenty:lavender":14,"minecraft:pumpkin":1,"minecraft:enchanting_table":1,"werewolves:stone_altar_fire_bowl":4,"iceandfire:gold_pile":1,"minecraft:iron_bars":2,"iceandfire:chared_cobblestone":19,"minecraft:deepslate_redstone_ore":2,"biomesoplenty:maple_log":3,"travelersbackpack:melon":1,"minecraft:torch":11,"iceandfire:dragon_ice_spikes":16,"iceandfire:frozen_dirt":8,"minecraft:nether_quartz_ore":19,"minecraft:cobblestone":4,"minecraft:sugar_cane":24,"minecraft:wheat":33,"minecraft:lilac":1,"biomesoplenty:fir_log":47,"minecraft:wither_rose":1,"minecraft:grass":373,"minecraft:oak_log":5,"minecraft:sand":73,"minecraft:dirt":43,"minecraft:netherrack":13,"minecraft:deepslate":432,"werewolves:silver_ore":1,"minecraft:oak_leaves":1,"iceandfire:chared_stone":25,"minecraft:diamond_ore":5,"minecraft:tuff":26,"iceandfire:silver_ore":9,"werewolves:wolf_berry_bush":49,"minecraft:deepslate_diamond_ore":4,"iceandfire:frozen_cobblestone":1,"gravestone:gravestone":20,"iceandfire:chared_dirt":2,"minecraft:spruce_leaves":10,"iceandfire:dragon_ice":11,"biomesoplenty:dune_grass":9,"minecraft:large_fern":14,"minecraft:hay_block":11,"minecraft:redstone_ore":1,"biomesoplenty:toadstool":1,"werewolves:wolfsbane":2,"minecraft:andesite":8,"iceandfire:chared_gravel":1,"minecraft:stripped_spruce_log":2,"biomesoplenty:sea_oats":7,"minecraft:vine":2,"travelersbackpack:yellow_sleeping_bag":3,"minecraft:deepslate_iron_ore":6,"minecraft:packed_ice":10,"biomesoplenty:barley":14,"minecraft:stone":150,"minecraft:podzol":1,"werewolves:stone_altar":8,"minecraft:basalt":1,"minecraft:dandelion":1,"iceandfire:frozen_gravel":6,"minecraft:crafting_table":2,"minecraft:emerald_ore":24,"minecraft:tall_grass":44,"biomesoplenty:sprout":6,"minecraft:deepslate_gold_ore":23,"minecraft:lapis_ore":3,"biomesoplenty:huge_clover_petal":1,"minecraft:diorite":4,"biomesoplenty:red_maple_leaf_pile":1,"minecraft:sweet_berry_bush":10,"minecraft:ice":12,"iceandfire:ash":1,"minecraft:yellow_bed":1,"minecraft:coal_ore":94,"iceandfire:silver_pile":6,"biomesoplenty:fir_leaves":8,"minecraft:gravel":133,"minecraft:cobweb":8,"minecraft:mossy_stone_bricks":1,"minecraft:gold_ore":12,"biomesoplenty:redwood_wood":2,"minecraft:fern":14},"minecraft:dropped":{"minecraft:iron_sword":7,"minecraft:cooked_beef":66,"vampirism:human_heart":1,"minecraft:glass_bottle":1,"minecraft:diamond":1,"minecraft:crafting_table":1,"iceandfire:chared_dirt":1,"iceandfire:frozen_dirt":3,"minecraft:leather":4,"werewolves:werewolf_tooth":7,"biomesoplenty:orange_maple_sapling":1,"minecraft:red_mushroom":2,"minecraft:cod":1,"minecraft:flint":16,"minecraft:dirt":246,"minecraft:mutton":1,"werewolves:pelt":2,"minecraft:snowball":1,"gravestone:obituary":34,"iceandfire:ash":5,"minecraft:sand":24,"werewolves:wolfsbane":1,"minecraft:iron_pickaxe":1,"biomesoplenty:fir_fence":1,"iceandfire:armor_silver_metal_helmet":1,"minecraft:white_wool":16,"minecraft:bone":1,"minecraft:gold_ingot":9,"minecraft:gravel":116,"biomesoplenty:toadstool":4,"minecraft:sugar_cane":2,"minecraft:cobbled_deepslate":322,"minecraft:obsidian":1,"werewolves:dark_pelt":4,"minecraft:rotten_flesh":24,"werewolves:raw_silver":3,"minecraft:oak_planks":2,"minecraft:cooked_mutton":15,"iceandfire:shiny_scales":1,"werewolves:bone_necklace":1,"iceandfire:armor_silver_metal_boots":1,"vampirism:vampire_blood_bottle":1,"vampirism:vampire_fang":2,"minecraft:iron_bars":1,"minecraft:arrow":1,"minecraft:glass":23,"iceandfire:ice_dragon_blood":1,"biomesoplenty:tall_lavender":3,"minecraft:egg":1,"iceandfire:dragonbone_sword":1,"minecraft:water_bucket":2,"minecraft:iron_ingot":10,"minecraft:wheat_seeds":40,"biomesoplenty:maple_door":3,"vampirism:vampire_book":1,"minecraft:diamond_leggings":1,"biomesoplenty:lavender":11,"minecraft:iron_helmet":3,"minecraft:cobblestone":1491,"iceandfire:frozen_gravel":6,"minecraft:spruce_stairs":1,"vampirism:amulet":2,"minecraft:ink_sac":1,"minecraft:torch":24,"werewolves:cracked_bone":35,"minecraft:diamond_helmet":1,"werewolves:wolf_berries":1,"minecraft:potion":1,"minecraft:iron_leggings":4,"werewolves:liver":48,"minecraft:iron_axe":1,"iceandfire:dragonscales_white":29,"vampirism:ring":2,"minecraft:paper":6,"minecraft:string":37,"iceandfire:dragonbone":4,"iceandfire:silver_nugget":144,"alexsmobs:maggot":2,"minecraft:raw_copper":7,"biomesoplenty:yellow_maple_sapling":1,"minecraft:raw_iron":6,"minecraft:experience_bottle":128,"iceandfire:troll_leather_forest":3,"minecraft:iron_boots":4,"minecraft:flint_and_steel":3,"iceandfire:dragon_ice":12,"minecraft:filled_map":2,"minecraft:diamond_sword":5,"werewolves:stone_altar":1,"biomesoplenty:maple_log":1,"minecraft:diamond_chestplate":1,"minecraft:iron_chestplate":5,"minecraft:diamond_pickaxe":2,"minecraft:oak_sapling":2,"minecraft:spider_eye":5,"minecraft:diamond_boots":1,"minecraft:stone_pickaxe":2,"minecraft:raw_gold":22}},"DataVersion":3465}