{"stats":{"minecraft:crafted":{"minecraft:oak_planks":16,"werewolves:silver_pickaxe":1,"minecraft:cooked_chicken":23,"minecraft:stone":45,"minecraft:cooked_mutton":63,"minecraft:glass":10,"minecraft:iron_boots":4,"minecraft:chest":3,"minecraft:cooked_porkchop":45,"minecraft:crafting_table":6,"minecraft:spruce_planks":8,"minecraft:wooden_pickaxe":1,"travelersbackpack:standard":1,"minecraft:iron_helmet":3,"biomesoplenty:fir_planks":164,"minecraft:iron_chestplate":2,"minecraft:charcoal":10,"minecraft:shield":1,"minecraft:stick":44,"minecraft:iron_ingot":154,"minecraft:iron_pickaxe":6,"minecraft:gold_ingot":49,"minecraft:shears":1,"minecraft:furnace":1,"minecraft:flint_and_steel":1,"travelersbackpack:white_sleeping_bag":1,"minecraft:iron_axe":3,"minecraft:stone_pickaxe":1,"minecraft:cooked_beef":58,"biomesoplenty:fir_boat":5,"biomesoplenty:redwood_planks":12,"travelersbackpack:backpack_tank":2,"minecraft:iron_sword":6,"minecraft:bucket":2,"minecraft:stone_axe":1,"minecraft:air":0,"minecraft:golden_apple":3,"minecraft:wooden_axe":2,"minecraft:iron_leggings":3,"minecraft:white_bed":3,"minecraft:torch":32},"minecraft:picked_up":{"minecraft:iron_chestplate":3,"minecraft:wheat":7,"biomesoplenty:red_maple_sapling":3,"minecraft:wither_rose":3,"travelersbackpack:spider":1,"vampirism:pure_salt_water":1,"iceandfire:manuscript":4,"minecraft:string":5,"minecraft:iron_leggings":2,"werewolves:wolf_berries":41,"vampirism:obi_belt":1,"minecraft:gold_nugget":463,"minecraft:cobbled_deepslate":78,"biomesoplenty:fir_planks":6,"minecraft:iron_pickaxe":2,"werewolves:pelt":17,"biomesoplenty:redwood_wood":3,"minecraft:iron_boots":2,"minecraft:furnace":12,"minecraft:stick":13,"iceandfire:ghost_chest":4,"minecraft:oak_fence":2,"minecraft:torch":39,"werewolves:liver":55,"minecraft:porkchop":11,"biomesoplenty:orange_maple_sapling":3,"minecraft:cherry_log":2,"werewolves:dark_pelt":9,"minecraft:diorite":26,"vampirism:vampire_fang":1,"vampirism:amulet":3,"vampirism:blood_bottle":2,"minecraft:rotten_flesh":19,"werewolves:silver_pickaxe":1,"minecraft:cod":1,"vampirism:heart_seeker_enhanced":1,"alexsmobs:flying_fish":1,"minecraft:cobblestone":89,"biomesoplenty:lavender":1,"vampirism:vampire_book":3,"minecraft:feather":5,"minecraft:cooked_beef":90,"minecraft:water_bucket":1,"minecraft:andesite":8,"minecraft:golden_leggings":2,"biomesoplenty:fir_sapling":14,"biomesoplenty:fir_log":215,"minecraft:tuff":2,"minecraft:dirt":278,"minecraft:bone":58,"minecraft:bow":4,"minecraft:wheat_seeds":62,"minecraft:raw_gold":6,"vampirism:item_garlic":2,"minecraft:mossy_stone_bricks":2,"minecraft:rabbit":3,"minecraft:oak_planks":1,"biomesoplenty:toadstool":6,"minecraft:cooked_porkchop":3,"minecraft:sand":29,"minecraft:lily_of_the_valley":3,"alexsmobs:animal_dictionary":1,"minecraft:diamond":4,"minecraft:granite":5,"iceandfire:troll_leather_forest":3,"minecraft:bread":3,"werewolves:cracked_bone":34,"iceandfire:silver_nugget":2,"minecraft:oak_sapling":2,"iceandfire:raw_silver":12,"minecraft:charcoal":5,"minecraft:crafting_table":4,"minecraft:chicken":4,"werewolves:charm_bracelet":2,"minecraft:wooden_pickaxe":1,"iceandfire:frozen_cobblestone":1,"gravestone:obituary":18,"minecraft:shield":1,"minecraft:cornflower":1,"minecraft:iron_axe":2,"minecraft:wooden_sword":1,"minecraft:flint_and_steel":2,"minecraft:blue_orchid":1,"iceandfire:graveyard_soil":4,"minecraft:beef":47,"werewolves:bone_necklace":2,"minecraft:phantom_membrane":1,"minecraft:egg":1,"minecraft:raw_iron":125,"iceandfire:dragonbone":41,"minecraft:copper_ingot":3,"iceandfire:chared_grass":2,"minecraft:bowl":1,"werewolves:raw_silver":26,"werewolves:stone_altar_fire_bowl":1,"iceandfire:dragon_skull_ice":2,"biomesoplenty:redwood_planks":3,"iceandfire:silver_ingot":5,"minecraft:arrow":42,"biomesoplenty:jacaranda_log":4,"minecraft:mutton":23,"minecraft:skeleton_skull":2,"minecraft:white_wool":18,"vampirism:vampire_blood_bottle":4,"minecraft:leather":12,"minecraft:filled_map":1,"minecraft:oak_log":22,"werewolves:werewolf_tooth":14,"iceandfire:ectoplasm":14,"minecraft:cobbled_deepslate_stairs":1,"minecraft:gunpowder":2,"minecraft:paper":2,"minecraft:cooked_mutton":11,"vampirism:human_heart":6,"minecraft:apple":3,"minecraft:kelp":5,"biomesoplenty:maple_log":3,"minecraft:iron_ingot":7,"minecraft:iron_sword":1,"werewolves:stone_altar":1,"iceandfire:ash":2,"minecraft:dandelion":1,"minecraft:raw_iron_block":1,"minecraft:gravel":1,"minecraft:spruce_log":2,"minecraft:white_bed":9,"minecraft:spider_eye":2,"biomesoplenty:yellow_maple_sapling":2,"minecraft:stone_axe":3,"iceandfire:silver_sword":1,"minecraft:iron_helmet":2,"minecraft:coal":200},"minecraft:broken":{"minecraft:iron_chestplate":1,"minecraft:iron_leggings":1,"minecraft:iron_sword":3,"minecraft:wooden_axe":1,"minecraft:shield":1},"minecraft:killed":{"vampirism:vampire":5,"minecraft:cave_spider":1,"vampirism:advanced_vampire":3,"minecraft:spider":15,"minecraft:skeleton":33,"werewolves:werewolf_beast":39,"minecraft:chicken":1,"vampirism:advanced_hunter":8,"alexsmobs:skelewag":1,"minecraft:pig":4,"minecraft:creeper":3,"vampirism:hunter":27,"minecraft:sheep":14,"minecraft:zombie":33,"minecraft:cow":22,"werewolves:werewolf_survivalist":34,"alexsmobs:tasmanian_devil":1,"alexsmobs:seagull":4,"minecraft:phantom":2,"werewolves:alpha_werewolf":4,"alexsmobs:bison":1,"iceandfire:troll":1,"iceandfire:ghost":10},"minecraft:used":{"minecraft:chest":2,"minecraft:shield":90,"minecraft:iron_sword":1196,"minecraft:iron_chestplate":2,"werewolves:silver_pickaxe":58,"minecraft:milk_bucket":2,"werewolves:stone_altar":1,"minecraft:iron_helmet":1,"iceandfire:ghost_chest":1,"minecraft:furnace":9,"minecraft:egg":1,"travelersbackpack:spider":1,"minecraft:diorite":22,"minecraft:stone_pickaxe":83,"minecraft:wooden_pickaxe":5,"biomesoplenty:fir_planks":45,"vampirism:human_heart":1,"biomesoplenty:fir_boat":4,"minecraft:golden_apple":1,"minecraft:sand":1,"minecraft:bread":5,"werewolves:stone_altar_fire_bowl":1,"minecraft:diamond_sword":3,"minecraft:andesite":3,"iceandfire:silver_sword":45,"minecraft:flint_and_steel":38,"minecraft:spruce_planks":4,"minecraft:cooked_chicken":5,"minecraft:torch":16,"minecraft:dirt":173,"iceandfire:copper_sword":162,"minecraft:granite":5,"minecraft:wooden_axe":43,"minecraft:iron_axe":316,"minecraft:iron_boots":1,"minecraft:cooked_beef":100,"minecraft:cobbled_deepslate":2,"minecraft:iron_leggings":1,"minecraft:cooked_mutton":72,"minecraft:water_bucket":13,"minecraft:crafting_table":8,"minecraft:white_bed":12,"minecraft:suspicious_stew":1,"minecraft:iron_pickaxe":205,"iceandfire:ash":1,"minecraft:golden_leggings":1,"minecraft:stone_axe":41,"minecraft:cobblestone":39,"travelersbackpack:standard":2,"minecraft:cooked_porkchop":23,"iceandfire:chared_grass":2,"minecraft:bucket":15,"alexsmobs:animal_dictionary":1},"minecraft:custom":{"minecraft:interact_with_crafting_table":91,"minecraft:open_barrel":2,"werewolves:action_time_rage":7086,"minecraft:leave_game":7,"minecraft:time_since_death":10412,"minecraft:sprint_one_cm":1299578,"minecraft:damage_blocked_by_shield":1280,"vampirism:interact_with_coffin":1,"minecraft:drop":249,"minecraft:play_time":449467,"minecraft:deaths":33,"minecraft:jump":13165,"minecraft:walk_on_water_one_cm":144678,"minecraft:interact_with_furnace":242,"werewolves:action_time_human_form":50278,"minecraft:sleep_in_bed":13,"vampirism:actions_used":44,"werewolves:action_used_beast_form":5,"minecraft:damage_dealt":78740,"werewolves:action_used_rage":11,"minecraft:player_kills":2,"minecraft:crouch_one_cm":67040,"minecraft:interact_with_smithing_table":1,"minecraft:mob_kills":271,"minecraft:damage_dealt_resisted":5521,"werewolves:action_used_human_form":28,"minecraft:climb_one_cm":1035,"minecraft:walk_one_cm":1193258,"vampirism:skills_unlocked":162,"minecraft:sneak_time":25992,"minecraft:walk_under_water_one_cm":55402,"minecraft:boat_one_cm":910143,"minecraft:total_world_time":449467,"vampirism:blood_drunk":2000,"minecraft:time_since_rest":10449,"minecraft:damage_taken":20461,"minecraft:damage_absorbed":40,"minecraft:trigger_trapped_chest":2,"werewolves:action_time_beast_form":29273,"minecraft:swim_one_cm":275511,"minecraft:fly_one_cm":2670425,"minecraft:open_chest":353,"minecraft:fall_one_cm":371606},"minecraft:killed_by":{"iceandfire:ice_dragon":10,"vampirism:hunter":1,"iceandfire:fire_dragon":19,"minecraft:player":1},"minecraft:mined":{"minecraft:white_bed":8,"minecraft:grass_block":84,"minecraft:raw_iron_block":1,"minecraft:iron_ore":80,"minecraft:fire":2,"iceandfire:gold_pile":50,"iceandfire:dragon_ice_spikes":6,"minecraft:torch":3,"iceandfire:ghost_chest":4,"minecraft:chest":1,"minecraft:cobblestone":2,"minecraft:wall_torch":5,"biomesoplenty:fir_log":220,"minecraft:wither_rose":3,"minecraft:grass":95,"minecraft:oak_log":21,"minecraft:sand":11,"minecraft:dirt":44,"minecraft:oak_leaves":2,"werewolves:silver_ore":20,"minecraft:deepslate":7,"minecraft:tuff":2,"iceandfire:silver_ore":11,"werewolves:wolf_berry_bush":9,"minecraft:deepslate_diamond_ore":3,"gravestone:gravestone":21,"minecraft:spruce_leaves":2,"iceandfire:chared_grass":2,"minecraft:large_fern":9,"minecraft:furnace":11,"biomesoplenty:toadstool":1,"werewolves:wolfsbane":1,"minecraft:andesite":4,"biomesoplenty:sea_oats":3,"minecraft:deepslate_iron_ore":39,"minecraft:stone":78,"biomesoplenty:redwood_planks":3,"werewolves:stone_altar":2,"minecraft:crafting_table":3,"biomesoplenty:fir_planks":1,"minecraft:tall_grass":11,"biomesoplenty:sprout":1,"minecraft:deepslate_gold_ore":5,"minecraft:ice":1,"minecraft:spruce_log":2,"iceandfire:ash":1,"minecraft:coal_ore":69,"werewolves:deepslate_silver_ore":3,"biomesoplenty:fir_leaves":11,"minecraft:cobweb":1,"biomesoplenty:orange_maple_leaf_pile":2,"biomesoplenty:redwood_wood":3,"minecraft:fern":4},"minecraft:dropped":{"biomesoplenty:red_maple_sapling":2,"minecraft:cooked_beef":19,"minecraft:oak_log":3,"vampirism:human_heart":1,"minecraft:crafting_table":1,"minecraft:leather":5,"werewolves:werewolf_tooth":7,"biomesoplenty:orange_maple_sapling":2,"biomesoplenty:fir_sapling":4,"minecraft:dirt":21,"minecraft:cornflower":1,"werewolves:pelt":5,"gravestone:obituary":33,"minecraft:gold_nugget":5,"minecraft:wooden_sword":1,"iceandfire:ash":1,"minecraft:phantom_membrane":1,"minecraft:sand":17,"minecraft:white_wool":3,"minecraft:bone":3,"minecraft:gravel":1,"biomesoplenty:toadstool":6,"alexsmobs:animal_dictionary":1,"minecraft:cobbled_deepslate":2,"werewolves:dark_pelt":5,"minecraft:rotten_flesh":11,"vampirism:blood_bottle":1,"minecraft:cooked_mutton":1,"minecraft:white_bed":1,"iceandfire:ghost_chest":1,"vampirism:vampire_blood_bottle":3,"minecraft:skeleton_skull":1,"minecraft:arrow":25,"minecraft:beef":7,"iceandfire:manuscript":5,"vampirism:item_garlic":2,"minecraft:wheat_seeds":19,"minecraft:cherry_log":2,"minecraft:cobbled_deepslate_stairs":1,"vampirism:vampire_book":1,"minecraft:feather":1,"biomesoplenty:lavender":1,"minecraft:iron_helmet":2,"minecraft:oak_fence":2,"minecraft:cobblestone":8,"minecraft:copper_ingot":1,"vampirism:amulet":2,"minecraft:coal":12,"biomesoplenty:jacaranda_log":4,"minecraft:stick":6,"minecraft:diorite":2,"minecraft:torch":1,"werewolves:cracked_bone":4,"minecraft:wooden_axe":1,"werewolves:wolf_berries":3,"travelersbackpack:spider":1,"minecraft:iron_leggings":2,"werewolves:liver":6,"minecraft:wither_rose":1,"minecraft:paper":2,"minecraft:string":3,"minecraft:dandelion":1,"minecraft:kelp":2,"minecraft:bowl":2,"biomesoplenty:yellow_maple_sapling":1,"minecraft:raw_iron":1,"minecraft:iron_boots":3,"minecraft:flint_and_steel":1,"minecraft:lily_of_the_valley":3,"minecraft:filled_map":2,"biomesoplenty:fir_planks":5,"biomesoplenty:maple_log":1,"minecraft:iron_chestplate":1,"minecraft:andesite":3,"minecraft:mossy_stone_bricks":2,"minecraft:golden_leggings":4,"minecraft:oak_sapling":2,"minecraft:spider_eye":1,"minecraft:bow":1,"minecraft:blue_orchid":1,"minecraft:wooden_pickaxe":2}},"DataVersion":3465}