{"stats":{"minecraft:crafted":{"iceandfire:tide_deepblue_boots":1,"minecraft:oak_planks":84,"minecraft:raw_iron":18,"travelersbackpack:iron":3,"travelersbackpack:crafting_upgrade":1,"minecraft:cooked_chicken":14,"minecraft:furnace":1,"iceandfire:tide_deepblue_chestplate":1,"iceandfire:tide_blue_chestplate":1,"travelersbackpack:gold_tier_upgrade":1,"travelersbackpack:blank_upgrade":4,"minecraft:glass":62,"minecraft:iron_boots":1,"minecraft:iron_axe":1,"minecraft:iron_hoe":2,"minecraft:stone_pickaxe":1,"minecraft:chest":5,"iceandfire:tide_deepblue_helmet":1,"travelersbackpack:diamond_tier_upgrade":1,"minecraft:cooked_beef":23,"iceandfire:tide_blue_boots":1,"travelersbackpack:coal":1,"travelersbackpack:iron_tier_upgrade":1,"biomesoplenty:fir_boat":5,"minecraft:cooked_porkchop":6,"minecraft:crafting_table":5,"travelersbackpack:standard":1,"travelersbackpack:backpack_tank":2,"minecraft:iron_helmet":1,"iceandfire:tide_trident":3,"minecraft:smithing_table":1,"iceandfire:tide_blue_leggings":1,"minecraft:bucket":1,"iceandfire:tide_deepblue_leggings":1,"minecraft:bread":55,"minecraft:air":0,"biomesoplenty:fir_planks":68,"minecraft:oak_boat":3,"iceandfire:tide_blue_helmet":1,"minecraft:book":13,"minecraft:paper":108,"minecraft:diamond_pickaxe":1,"minecraft:shield":3,"minecraft:stick":16,"minecraft:iron_ingot":98,"minecraft:iron_pickaxe":1,"minecraft:iron_shovel":1,"minecraft:gold_ingot":5},"minecraft:picked_up":{"iceandfire:siren_tear":1,"minecraft:crafting_table":7,"minecraft:wheat":104,"minecraft:prismarine_shard":2,"gravestone:obituary":11,"minecraft:shield":1,"iceandfire:sea_serpent_scales_blue":34,"minecraft:string":3,"minecraft:raw_copper":3,"iceandfire:sea_serpent_scales_bronze":5,"minecraft:cobbled_deepslate":902,"minecraft:beef":31,"minecraft:oak_boat":1,"werewolves:pelt":1,"minecraft:iron_pickaxe":1,"minecraft:poppy":1,"minecraft:sugar_cane":127,"minecraft:chest":4,"minecraft:phantom_membrane":4,"minecraft:furnace":2,"minecraft:stick":1,"minecraft:raw_iron":69,"minecraft:stone":26,"minecraft:copper_ingot":4,"minecraft:torch":36,"minecraft:porkchop":2,"werewolves:raw_silver":3,"minecraft:diorite":53,"minecraft:trident":1,"minecraft:redstone":49,"minecraft:prismarine_crystals":16,"travelersbackpack:iron":1,"minecraft:arrow":25,"iceandfire:sea_serpent_scales_purple":11,"minecraft:rotten_flesh":52,"minecraft:shears":1,"iceandfire:chared_dirt":3,"alexsmobs:lost_tentacle":1,"minecraft:gold_ingot":3,"minecraft:obsidian":10,"minecraft:mutton":2,"minecraft:cobblestone":621,"minecraft:cod":1,"alexsmobs:flying_fish":2,"minecraft:white_wool":1,"biomesoplenty:lavender":26,"iceandfire:sea_serpent_fang":71,"minecraft:glow_ink_sac":5,"minecraft:andesite":19,"minecraft:leather":36,"biomesoplenty:fir_log":17,"alexsmobs:bison_fur":2,"alexsmobs:cachalot_whale_tooth":2,"minecraft:flint":1,"minecraft:tuff":120,"minecraft:oak_log":21,"iceandfire:ectoplasm":5,"minecraft:cobbled_deepslate_stairs":3,"minecraft:gunpowder":10,"mowziesmobs:wrought_axe":1,"minecraft:lapis_lazuli":106,"minecraft:dirt":237,"minecraft:bone":30,"minecraft:bow":1,"minecraft:kelp":102,"minecraft:wheat_seeds":173,"biomesoplenty:fir_boat":11,"minecraft:raw_gold":65,"minecraft:iron_ingot":64,"iceandfire:sea_serpent_scales_deepblue":37,"minecraft:oak_planks":19,"biomesoplenty:toadstool":4,"iceandfire:chared_stone":5,"minecraft:sweet_berries":3,"iceandfire:sea_serpent_scales_green":8,"iceandfire:ash":6,"minecraft:dandelion":1,"minecraft:raw_iron_block":2,"minecraft:gravel":48,"iceandfire:shiny_scales":23,"minecraft:sand":72,"mowziesmobs:wrought_helmet":1,"minecraft:grass_block":1,"minecraft:lily_of_the_valley":1,"minecraft:spider_eye":1,"iceandfire:chared_cobblestone":4,"minecraft:purple_bed":6,"minecraft:diamond":138,"biomesoplenty:yellow_maple_sapling":1,"minecraft:granite":168,"iceandfire:sea_serpent_scales_red":29,"iceandfire:seaserpent_skull":1,"werewolves:cracked_bone":1,"minecraft:coal":84,"iceandfire:raw_silver":1,"minecraft:ender_pearl":1},"minecraft:broken":{"minecraft:stone_pickaxe":2,"minecraft:shield":2,"minecraft:diamond_pickaxe":1,"minecraft:iron_axe":2,"minecraft:iron_sword":1,"minecraft:golden_pickaxe":1},"minecraft:killed":{"vampirism:vampire":1,"minecraft:spider":5,"minecraft:phantom":2,"minecraft:skeleton":13,"werewolves:werewolf_beast":1,"iceandfire:siren":4,"alexsmobs:bison":1,"minecraft:drowned":18,"minecraft:pig":1,"minecraft:zombie_villager":2,"minecraft:creeper":5,"minecraft:sheep":2,"alexsmobs:gelada_monkey":1,"minecraft:zombie":24,"iceandfire:ghost":5,"minecraft:enderman":1,"minecraft:cow":13,"werewolves:werewolf_survivalist":1,"iceandfire:sea_serpent":15},"minecraft:used":{"iceandfire:tide_trident":75,"minecraft:iron_shovel":160,"minecraft:chest":8,"minecraft:shield":19,"minecraft:stone":26,"minecraft:iron_sword":26,"minecraft:cooked_chicken":14,"iceandfire:tide_deepblue_helmet":4,"minecraft:iron_chestplate":1,"minecraft:dirt":185,"minecraft:mutton":2,"iceandfire:tide_deepblue_leggings":3,"minecraft:diamond_helmet":2,"travelersbackpack:iron":8,"minecraft:tuff":22,"minecraft:granite":9,"minecraft:milk_bucket":2,"mowziesmobs:wrought_helmet":2,"minecraft:iron_hoe":99,"minecraft:iron_axe":229,"minecraft:iron_helmet":1,"minecraft:iron_boots":1,"minecraft:diamond_chestplate":3,"iceandfire:tide_deepblue_chestplate":4,"minecraft:bow":1,"minecraft:beef":8,"minecraft:sweet_berries":3,"minecraft:furnace":3,"minecraft:cooked_beef":17,"minecraft:cobbled_deepslate":91,"minecraft:wheat_seeds":42,"minecraft:water_bucket":10,"minecraft:diorite":4,"minecraft:diamond_boots":1,"minecraft:stone_pickaxe":184,"biomesoplenty:fir_boat":16,"minecraft:sugar_cane":15,"iceandfire:chared_dirt":2,"minecraft:crafting_table":11,"minecraft:cod":1,"mowziesmobs:wrought_axe":66,"minecraft:diamond_pickaxe":1805,"minecraft:iron_pickaxe":235,"minecraft:bread":48,"iceandfire:seaserpent_skull":1,"iceandfire:ash":1,"minecraft:diamond_sword":125,"minecraft:cobblestone":97,"minecraft:purple_bed":6,"minecraft:cooked_porkchop":6,"minecraft:smithing_table":1,"minecraft:bucket":10,"minecraft:oak_boat":3,"alexsmobs:animal_dictionary":1,"iceandfire:tide_deepblue_boots":2,"minecraft:diamond_leggings":1,"minecraft:golden_pickaxe":32},"minecraft:custom":{"minecraft:interact_with_smithing_table":8,"minecraft:interact_with_anvil":5,"minecraft:mob_kills":117,"minecraft:interact_with_crafting_table":75,"minecraft:leave_game":9,"minecraft:time_since_death":57225,"minecraft:sprint_one_cm":669715,"minecraft:walk_one_cm":659636,"minecraft:damage_blocked_by_shield":1200,"vampirism:interact_with_coffin":3,"minecraft:drop":33,"minecraft:play_time":433470,"minecraft:sneak_time":9645,"minecraft:deaths":34,"minecraft:walk_under_water_one_cm":298210,"minecraft:boat_one_cm":2177719,"minecraft:jump":5076,"minecraft:walk_on_water_one_cm":219039,"minecraft:total_world_time":433470,"minecraft:interact_with_furnace":79,"minecraft:sleep_in_bed":2,"minecraft:time_since_rest":57267,"minecraft:damage_taken":13696,"minecraft:damage_dealt":31922,"minecraft:swim_one_cm":427652,"minecraft:fly_one_cm":1084302,"minecraft:open_chest":238,"minecraft:crouch_one_cm":14912,"minecraft:fall_one_cm":105812},"minecraft:killed_by":{"minecraft:player":1,"minecraft:creeper":1,"iceandfire:sea_serpent":6,"mowziesmobs:ferrous_wroughtnaut":1,"iceandfire:ice_dragon":2,"minecraft:skeleton":1,"minecraft:zombie":2,"iceandfire:ghost":1,"iceandfire:fire_dragon":17},"minecraft:mined":{"minecraft:diamond_ore":12,"minecraft:tuff":120,"iceandfire:silver_ore":3,"minecraft:deepslate_diamond_ore":64,"gravestone:gravestone":21,"minecraft:granite":62,"minecraft:grass_block":64,"iceandfire:chared_dirt":2,"minecraft:kelp":4,"biomesoplenty:dune_grass":1,"minecraft:smooth_stone":1,"minecraft:raw_iron_block":2,"minecraft:furnace":2,"minecraft:iron_ore":14,"minecraft:cobbled_deepslate":1,"minecraft:fire":25,"minecraft:andesite":26,"minecraft:deepslate_lapis_ore":8,"biomesoplenty:sea_oats":3,"minecraft:deepslate_iron_ore":57,"biomesoplenty:barley":1,"minecraft:stone":594,"iceandfire:chared_cobblestone":11,"minecraft:deepslate_redstone_ore":11,"minecraft:kelp_plant":9,"minecraft:dandelion":1,"minecraft:crafting_table":7,"minecraft:chest":2,"minecraft:copper_ore":4,"minecraft:tall_grass":1,"minecraft:cobblestone":40,"minecraft:deepslate_gold_ore":65,"minecraft:sugar_cane":79,"minecraft:diorite":63,"minecraft:purple_bed":5,"minecraft:wheat":14,"biomesoplenty:fir_log":17,"minecraft:grass":24,"minecraft:oak_log":22,"minecraft:coal_ore":88,"biomesoplenty:fir_leaves":1,"minecraft:sand":68,"minecraft:gravel":46,"minecraft:dirt":95,"biomesoplenty:orange_maple_leaf_pile":1,"werewolves:silver_ore":3,"minecraft:deepslate":911,"minecraft:fern":3,"iceandfire:chared_stone":9},"minecraft:dropped":{"minecraft:wheat_seeds":71,"iceandfire:tide_blue_chestplate":1,"minecraft:granite":53,"iceandfire:tide_blue_helmet":1,"minecraft:dirt":24,"iceandfire:tide_blue_boots":1,"gravestone:obituary":5,"minecraft:phantom_membrane":3,"minecraft:kelp":12,"iceandfire:tide_blue_leggings":1,"minecraft:rotten_flesh":4,"minecraft:iron_hoe":1}},"DataVersion":3465}