{"stats":{"minecraft:mined":{"minecraft:diamond_ore":1,"minecraft:tuff":88,"minecraft:white_bed":1,"iceandfire:silver_ore":1,"minecraft:mossy_cobblestone":1,"minecraft:deepslate_diamond_ore":131,"minecraft:granite":27,"minecraft:grass_block":5,"minecraft:tall_seagrass":1,"minecraft:furnace":9,"minecraft:iron_ore":49,"minecraft:cobbled_deepslate":18,"biomesoplenty:lavender":2,"minecraft:andesite":9,"minecraft:deepslate_lapis_ore":16,"minecraft:deepslate_iron_ore":31,"minecraft:stone":280,"minecraft:deepslate_redstone_ore":24,"biomesoplenty:maple_log":7,"minecraft:crafting_table":15,"minecraft:torch":8,"minecraft:tall_grass":3,"minecraft:cobblestone":20,"minecraft:deepslate_coal_ore":1,"minecraft:deepslate_gold_ore":36,"minecraft:lapis_ore":3,"minecraft:sugar_cane":9,"minecraft:diorite":19,"minecraft:wall_torch":4,"minecraft:purple_bed":8,"minecraft:grass":23,"minecraft:coal_ore":87,"minecraft:oak_log":16,"werewolves:deepslate_silver_ore":9,"minecraft:sand":35,"minecraft:gravel":20,"minecraft:dirt":8,"biomesoplenty:orange_maple_leaf_pile":1,"minecraft:gold_ore":6,"minecraft:deepslate":934,"werewolves:silver_ore":4},"minecraft:used":{"minecraft:stone_sword":12,"minecraft:iron_shovel":5,"minecraft:chest":2,"minecraft:shield":7,"travelersbackpack:diamond":2,"minecraft:torch":13,"minecraft:dirt":10,"minecraft:anvil":1,"travelersbackpack:iron":4,"minecraft:tuff":78,"minecraft:milk_bucket":1,"minecraft:iron_axe":7,"minecraft:diamond_chestplate":1,"minecraft:furnace":10,"minecraft:cooked_beef":1,"minecraft:cobbled_deepslate":106,"minecraft:cooked_mutton":10,"minecraft:diamond_boots":1,"minecraft:stone_pickaxe":209,"minecraft:wooden_pickaxe":64,"minecraft:diamond_axe":138,"minecraft:sand":2,"minecraft:crafting_table":17,"minecraft:white_bed":1,"minecraft:diamond_pickaxe":1309,"minecraft:diamond_shovel":36,"minecraft:iron_pickaxe":250,"minecraft:stone_axe":1,"minecraft:cobblestone":221,"travelersbackpack:standard":3,"minecraft:purple_bed":9,"minecraft:cooked_porkchop":4,"minecraft:porkchop":2,"minecraft:andesite":7,"alexsmobs:animal_dictionary":1,"minecraft:diamond_leggings":1},"minecraft:picked_up":{"minecraft:crafting_table":15,"minecraft:cobbled_deepslate":938,"minecraft:beef":17,"minecraft:sugar_cane":18,"minecraft:phantom_membrane":2,"minecraft:furnace":10,"minecraft:raw_iron":80,"minecraft:torch":11,"minecraft:porkchop":6,"werewolves:raw_silver":11,"minecraft:diorite":18,"minecraft:redstone":108,"minecraft:prismarine_crystals":4,"minecraft:arrow":1,"minecraft:rotten_flesh":11,"alexsmobs:flying_fish":1,"minecraft:mutton":11,"minecraft:white_wool":11,"minecraft:cobblestone":264,"biomesoplenty:lavender":2,"minecraft:andesite":9,"minecraft:leather":14,"minecraft:flint":6,"minecraft:tuff":88,"minecraft:oak_log":19,"minecraft:lapis_lazuli":130,"minecraft:dirt":20,"minecraft:bone":3,"minecraft:kelp":1,"minecraft:wheat_seeds":5,"minecraft:raw_gold":42,"biomesoplenty:maple_log":7,"minecraft:dandelion":2,"iceandfire:shiny_scales":4,"minecraft:gravel":11,"minecraft:sand":31,"minecraft:white_bed":1,"minecraft:mossy_cobblestone":1,"minecraft:purple_bed":8,"minecraft:diamond":131,"minecraft:granite":15,"minecraft:coal":189,"iceandfire:raw_silver":1},"minecraft:broken":{"minecraft:wooden_pickaxe":1,"minecraft:stone_pickaxe":1,"minecraft:iron_pickaxe":1},"minecraft:killed":{"minecraft:spider":1,"minecraft:phantom":1,"minecraft:horse":3,"minecraft:skeleton":3,"iceandfire:siren":1,"minecraft:drowned":2,"minecraft:pig":3,"minecraft:sheep":7,"minecraft:zombie":11,"minecraft:enderman":1,"minecraft:cow":3},"minecraft:crafted":{"minecraft:oak_planks":60,"minecraft:raw_iron":45,"travelersbackpack:iron":1,"minecraft:coal":9,"minecraft:purple_bed":1,"biomesoplenty:maple_planks":28,"minecraft:furnace":1,"minecraft:diamond_shovel":1,"travelersbackpack:diamond":1,"minecraft:cooked_mutton":10,"minecraft:diamond_block":11,"minecraft:glass":12,"minecraft:diamond":9,"travelersbackpack:white_sleeping_bag":1,"minecraft:diamond_helmet":1,"minecraft:diamond_leggings":1,"minecraft:iron_axe":1,"minecraft:stone_pickaxe":2,"minecraft:chest":3,"minecraft:diamond_boots":1,"minecraft:redstone_block":12,"minecraft:raw_iron_block":5,"minecraft:cooked_beef":4,"minecraft:coal_block":5,"minecraft:cooked_porkchop":4,"minecraft:diamond_axe":1,"minecraft:crafting_table":3,"travelersbackpack:backpack_tank":2,"minecraft:wooden_pickaxe":1,"travelersbackpack:standard":2,"werewolves:silver_ingot":10,"minecraft:gold_block":4,"minecraft:bucket":1,"minecraft:stone_axe":1,"minecraft:air":0,"minecraft:purple_dye":2,"minecraft:diamond_pickaxe":1,"minecraft:shield":1,"minecraft:stick":32,"minecraft:iron_ingot":80,"minecraft:iron_pickaxe":1,"minecraft:stone_sword":1,"minecraft:iron_block":6,"minecraft:iron_shovel":1,"minecraft:gold_ingot":42,"minecraft:anvil":1,"minecraft:white_bed":1,"minecraft:torch":36,"minecraft:shears":1,"minecraft:lapis_block":14,"minecraft:diamond_chestplate":1},"minecraft:dropped":{"iceandfire:raw_silver":1,"minecraft:wheat_seeds":4,"minecraft:lapis_lazuli":4,"minecraft:oak_log":4,"minecraft:mossy_cobblestone":1,"minecraft:cobblestone":24,"minecraft:granite":15,"minecraft:purple_dye":1,"minecraft:coal":2,"minecraft:flint":6,"minecraft:dirt":10,"minecraft:diorite":18,"minecraft:iron_shovel":1,"minecraft:white_wool":4,"minecraft:dandelion":2,"minecraft:bone":2,"minecraft:gravel":11,"minecraft:furnace":1,"minecraft:stone_axe":1,"minecraft:sugar_cane":18,"minecraft:stone_sword":1,"minecraft:tuff":10,"werewolves:raw_silver":1,"minecraft:oak_planks":2,"minecraft:andesite":2,"minecraft:stone_pickaxe":1},"minecraft:killed_by":{"iceandfire:ghost":1},"minecraft:custom":{"minecraft:interact_with_anvil":3,"minecraft:mob_kills":37,"minecraft:interact_with_crafting_table":72,"minecraft:leave_game":2,"minecraft:time_since_death":180922,"minecraft:sprint_one_cm":204574,"minecraft:walk_one_cm":279926,"minecraft:damage_blocked_by_shield":139,"minecraft:drop":46,"minecraft:play_time":188432,"minecraft:deaths":1,"minecraft:sneak_time":4184,"minecraft:walk_under_water_one_cm":14533,"minecraft:jump":1488,"minecraft:walk_on_water_one_cm":19943,"minecraft:total_world_time":188432,"minecraft:interact_with_furnace":72,"minecraft:sleep_in_bed":13,"minecraft:time_since_rest":15515,"minecraft:damage_taken":918,"minecraft:trigger_trapped_chest":1,"minecraft:damage_dealt":6314,"minecraft:swim_one_cm":101443,"minecraft:fly_one_cm":273471,"minecraft:open_chest":9,"minecraft:crouch_one_cm":6034,"minecraft:fall_one_cm":30597}},"DataVersion":3465}