{"stats":{"minecraft:mined":{"biomesoplenty:jacaranda_leaves":9,"biomesoplenty:maple_log":7,"iceandfire:silver_ore":8,"minecraft:lily_of_the_valley":3,"minecraft:cherry_log":2,"minecraft:dandelion":1,"minecraft:cornflower":1,"minecraft:crafting_table":3,"vampirism:altar_pillar":2,"minecraft:granite":2,"minecraft:grass_block":16,"biomesoplenty:snowblossom_leaves":2,"minecraft:copper_ore":2,"minecraft:tall_grass":27,"minecraft:cobblestone":2,"minecraft:spruce_leaves":3,"minecraft:sugar_cane":4,"biomesoplenty:dune_grass":38,"biomesoplenty:goldenrod":4,"biomesoplenty:jacaranda_log":5,"biomesoplenty:tall_lavender":14,"minecraft:furnace":1,"biomesoplenty:toadstool":3,"minecraft:birch_log":9,"minecraft:iron_ore":2,"minecraft:fire":1,"biomesoplenty:lavender":284,"minecraft:andesite":19,"biomesoplenty:fir_log":25,"biomesoplenty:sea_oats":68,"minecraft:grass":379,"minecraft:oak_log":10,"minecraft:coal_ore":20,"werewolves:deepslate_silver_ore":1,"biomesoplenty:fir_leaves":11,"minecraft:vine":2,"minecraft:sand":13,"minecraft:dirt":65,"biomesoplenty:barley":343,"minecraft:stone":247,"minecraft:blue_orchid":1,"biomesoplenty:redwood_wood":1,"minecraft:deepslate":5,"werewolves:silver_ore":33,"minecraft:fern":54},"minecraft:used":{"minecraft:cooked_mutton":3,"minecraft:stone_pickaxe":327,"minecraft:oak_planks":2,"biomesoplenty:maple_log":3,"minecraft:wooden_pickaxe":12,"minecraft:rotten_flesh":1,"minecraft:dirt":27,"minecraft:sand":3,"minecraft:crafting_table":6,"werewolves:silver_pickaxe":36,"alexsmobs:maggot":1,"minecraft:iron_pickaxe":6,"minecraft:stone_bricks":1,"minecraft:stone_axe":6,"minecraft:cobblestone":41,"minecraft:furnace":3,"minecraft:oak_boat":1,"minecraft:skeleton_skull":1},"minecraft:picked_up":{"biomesoplenty:lavender":250,"minecraft:birch_log":9,"minecraft:crafting_table":3,"minecraft:chicken":2,"biomesoplenty:goldenrod":3,"minecraft:andesite":19,"minecraft:golden_leggings":1,"minecraft:leather":3,"minecraft:wither_rose":1,"biomesoplenty:fir_sapling":5,"biomesoplenty:fir_log":39,"biomesoplenty:jacaranda_sapling":18,"minecraft:oak_log":10,"minecraft:cornflower":1,"minecraft:dirt":127,"minecraft:string":2,"minecraft:raw_copper":7,"minecraft:cooked_mutton":3,"biomesoplenty:tall_lavender":9,"minecraft:bone":6,"minecraft:blue_orchid":4,"minecraft:stone_bricks":1,"minecraft:wheat_seeds":52,"vampirism:altar_pillar":2,"minecraft:gold_nugget":4,"minecraft:cobbled_deepslate":5,"biomesoplenty:maple_log":7,"minecraft:stone_pickaxe":1,"minecraft:iron_pickaxe":1,"biomesoplenty:redwood_wood":10,"minecraft:sugar_cane":13,"minecraft:iron_boots":1,"minecraft:furnace":1,"biomesoplenty:toadstool":9,"minecraft:raw_iron":2,"minecraft:stick":8,"minecraft:dandelion":1,"minecraft:sand":9,"werewolves:raw_silver":33,"minecraft:cherry_log":2,"minecraft:white_bed":1,"minecraft:lily_of_the_valley":4,"minecraft:arrow":2,"minecraft:rotten_flesh":1,"biomesoplenty:jacaranda_log":14,"minecraft:stone_axe":1,"minecraft:granite":2,"alexsmobs:maggot":1,"alexsmobs:flying_fish":1,"minecraft:skeleton_skull":1,"minecraft:mutton":5,"minecraft:white_wool":5,"minecraft:coal":19,"iceandfire:raw_silver":8,"minecraft:cobblestone":261},"minecraft:killed":{"vampirism:advanced_vampire":1,"alexsmobs:seal":1,"minecraft:sheep":4,"minecraft:skeleton":1,"alexsmobs:flying_fish":1},"minecraft:broken":{"minecraft:stone_pickaxe":1},"minecraft:crafted":{"minecraft:oak_planks":20,"iceandfire:silver_ingot":2,"minecraft:crafting_table":5,"werewolves:silver_pickaxe":1,"minecraft:wooden_pickaxe":2,"minecraft:furnace":2,"werewolves:silver_ingot":18,"minecraft:cooked_mutton":4,"minecraft:air":0,"biomesoplenty:fir_planks":80,"minecraft:oak_boat":1,"iceandfire:armor_silver_metal_chestplate":1,"iceandfire:armor_silver_metal_leggings":1,"minecraft:stick":12,"minecraft:iron_ingot":2,"minecraft:stone_pickaxe":3},"minecraft:killed_by":{"iceandfire:gorgon":1,"vampirism:advanced_vampire":1,"iceandfire:cyclops":6,"minecraft:zombie":1,"iceandfire:ghost":1,"alexsmobs:bison":1},"minecraft:custom":{"minecraft:interact_with_furnace":29,"minecraft:mob_kills":9,"minecraft:interact_with_crafting_table":13,"minecraft:leave_game":8,"minecraft:time_since_death":3599,"minecraft:sleep_in_bed":2,"minecraft:climb_one_cm":288,"minecraft:time_since_rest":3678,"minecraft:sprint_one_cm":300145,"minecraft:damage_taken":2147483647,"minecraft:walk_one_cm":359031,"minecraft:trigger_trapped_chest":4,"minecraft:damage_dealt":1590,"minecraft:swim_one_cm":55038,"minecraft:fly_one_cm":202865,"minecraft:open_chest":9,"minecraft:crouch_one_cm":17738,"minecraft:play_time":158821,"minecraft:sneak_time":3645,"minecraft:deaths":17,"minecraft:walk_under_water_one_cm":27515,"minecraft:boat_one_cm":40860,"minecraft:jump":1574,"minecraft:walk_on_water_one_cm":35511,"minecraft:total_world_time":158821,"minecraft:fall_one_cm":33406}},"DataVersion":3465}