{"stats":{"minecraft:crafted":{"travelersbackpack:crafting_upgrade":1,"minecraft:purple_bed":1,"minecraft:blaze_powder":2,"biomesoplenty:maple_boat":1,"travelersbackpack:bat":3,"minecraft:glass":180,"minecraft:quartz_block":5,"minecraft:diamond_helmet":1,"minecraft:glass_bottle":12,"vampirism:umbrella":1,"travelersbackpack:blaze":5,"iceandfire:armor_green_chestplate":1,"iceandfire:dragonbone_sword_ice":1,"minecraft:wooden_hoe":2,"minecraft:iron_pickaxe":1,"minecraft:iron_block":19,"minecraft:gold_ingot":45,"iceandfire:armor_green_leggings":1,"iceandfire:dragonbone_sword_fire":1,"minecraft:bone_meal":192,"travelersbackpack:blank_upgrade":4,"travelersbackpack:gold_tier_upgrade":1,"travelersbackpack:white_sleeping_bag":1,"minecraft:cobbled_deepslate_stairs":36,"iceandfire:dragonbone_sword":3,"biomesoplenty:fir_boat":1,"biomesoplenty:redwood_planks":96,"biomesoplenty:fir_fence":96,"minecraft:iron_shovel":2,"minecraft:iron_leggings":4,"minecraft:white_bed":2,"minecraft:oak_planks":152,"iceandfire:ghost_sword":1,"iceandfire:tide_purple_boots":1,"minecraft:cobblestone_stairs":8,"iceandfire:tide_purple_helmet":1,"minecraft:hopper":2,"minecraft:bow":2,"minecraft:iron_boots":3,"vampirism:altar_inspiration":1,"minecraft:chest":7,"vampirism:blood_grinder":2,"minecraft:stone_hoe":1,"minecraft:smoker":1,"travelersbackpack:iron_tier_upgrade":2,"minecraft:cauldron":2,"minecraft:crafting_table":15,"iceandfire:blindfold":1,"minecraft:spruce_planks":12,"minecraft:iron_helmet":1,"minecraft:gold_block":5,"biomesoplenty:fir_planks":400,"minecraft:iron_chestplate":2,"minecraft:diamond_pickaxe":1,"minecraft:purple_dye":3,"minecraft:shield":2,"minecraft:stick":332,"minecraft:iron_ingot":142,"vampirism:coffin_white":2,"vampirism:human_heart":45,"minecraft:purple_wool":3,"biomesoplenty:maple_planks":84,"minecraft:furnace":4,"minecraft:glass_pane":16,"minecraft:flint_and_steel":1,"vampirism:injection_empty":6,"vampirism:blood_sieve":2,"minecraft:iron_axe":2,"travelersbackpack:diamond_tier_upgrade":1,"minecraft:cooked_beef":3,"vampirism:pure_blood_0":2,"minecraft:diamond_sword":1,"travelersbackpack:backpack_tank":4,"iceandfire:tide_trident":1,"minecraft:iron_sword":3,"minecraft:bucket":1,"minecraft:air":0,"minecraft:oak_boat":1,"minecraft:white_wool":14,"vampirism:blood_container":11,"minecraft:torch":64,"biomesoplenty:fir_fence_gate":2,"minecraft:diamond_chestplate":1},"minecraft:picked_up":{"minecraft:iron_chestplate":6,"iceandfire:copper_sword":1,"minecraft:lead":21,"minecraft:diamond_sword":7,"biomesoplenty:red_maple_sapling":1,"minecraft:wither_rose":2,"minecraft:amethyst_block":4,"iceandfire:manuscript":2,"minecraft:string":95,"biomesoplenty:tall_lavender":3,"biomesoplenty:maple_door":2,"vampirism:obi_belt":1,"minecraft:gold_nugget":2,"minecraft:cobbled_deepslate":435,"minecraft:spruce_planks":1,"biomesoplenty:redwood_wood":55,"werewolves:liver":31,"biomesoplenty:orange_maple_sapling":2,"vampirism:amulet":5,"minecraft:golden_chestplate":1,"vampirism:blood_bottle":22,"iceandfire:fire_dragon_heart":1,"minecraft:iron_block":7,"vampirism:blood_grinder":4,"minecraft:blaze_rod":1,"vampirism:heart_seeker_enhanced":1,"minecraft:iron_bars":1,"minecraft:snowball":134,"alexsmobs:lobster_tail":1,"biomesoplenty:lavender":37,"iceandfire:sapphire_gem":3,"minecraft:feather":3,"minecraft:cooked_beef":14,"minecraft:water_bucket":4,"minecraft:smoker":9,"biomesoplenty:fir_log":23,"minecraft:flint":16,"minecraft:stripped_spruce_wood":2,"biomesoplenty:maple_boat":1,"iceandfire:ice_dragon_blood":1,"vampirism:altar_pillar":23,"iceandfire:tide_purple_boots":2,"minecraft:diamond_helmet":2,"vampirism:ring":1,"iceandfire:dragon_skull_fire":2,"iceandfire:shiny_scales":4,"minecraft:ink_sac":2,"alexsmobs:animal_dictionary":2,"minecraft:iron_hoe":1,"minecraft:granite":5,"minecraft:bread":3,"iceandfire:gorgon_head":3,"minecraft:light_gray_carpet":4,"minecraft:diamond_pickaxe":3,"biomesoplenty:redwood_log":20,"minecraft:crafting_table":22,"iceandfire:witherbone":6,"minecraft:clay_ball":4,"biomesoplenty:jacaranda_sapling":2,"gravestone:obituary":29,"minecraft:cornflower":8,"alexsmobs:pigshoes":4,"iceandfire:armor_green_leggings":2,"biomesoplenty:maple_planks":19,"minecraft:white_carpet":9,"minecraft:iron_shovel":3,"iceandfire:ghost_ingot":2,"iceandfire:graveyard_soil":4,"iceandfire:bestiary":1,"vampirism:cursed_earth":6,"minecraft:beef":342,"minecraft:iron_nugget":44,"minecraft:poppy":8,"minecraft:chest":4,"minecraft:egg":4,"minecraft:sandstone":11,"minecraft:fire_charge":1,"vampirism:umbrella":1,"werewolves:raw_silver":1,"werewolves:stone_altar_fire_bowl":2,"minecraft:carrot":1,"minecraft:redstone":1,"iceandfire:dragon_skull_ice":3,"minecraft:gold_ingot":44,"biomesoplenty:redwood_sapling":1,"minecraft:mutton":52,"minecraft:white_wool":29,"minecraft:oxeye_daisy":3,"vampirism:vampire_blood_bottle":8,"iceandfire:sea_serpent_fang":24,"vampirism:pure_blood_3":2,"minecraft:filled_map":2,"minecraft:oak_log":51,"mowziesmobs:wrought_axe":4,"minecraft:paper":6,"iceandfire:pixie_house_mushroom_red":1,"minecraft:apple":2,"iceandfire:armor_green_chestplate":2,"minecraft:stone_bricks":14,"biomesoplenty:maple_log":49,"minecraft:glass_bottle":17,"minecraft:iron_sword":3,"vampirism:pure_salt":3,"minecraft:gravel":67,"minecraft:spruce_log":3,"minecraft:crying_obsidian":3,"travelersbackpack:standard":1,"minecraft:diamond_shovel":2,"minecraft:purple_bed":8,"vampirism:blood_container":51,"iceandfire:pixie_house_spruce":1,"biomesoplenty:yellow_maple_sapling":1,"minecraft:stone_axe":1,"minecraft:gray_wool":2,"iceandfire:ice_dragon_flesh":14,"vampirism:vampire_orchid":6,"vampirism:coffin_white":10,"minecraft:wheat":841,"travelersbackpack:bat":14,"minecraft:potion":3,"minecraft:gilded_blackstone":2,"minecraft:nether_brick":12,"vampirism:pure_salt_water":4,"iceandfire:armor_silver_metal_chestplate":1,"minecraft:raw_copper":9,"minecraft:iron_leggings":2,"werewolves:wolf_berries":2,"alexsmobs:dropbear_claw":4,"travelersbackpack:blaze":1,"alexsmobs:blood_sac":1,"biomesoplenty:fir_planks":37,"minecraft:bucket":3,"iceandfire:frost_lily":6,"vampirism:garlic_bread":1,"minecraft:redstone_torch":1,"werewolves:pelt":1,"minecraft:iron_pickaxe":13,"iceandfire:frozen_gravel":1,"alexsmobs:raccoon_tail":3,"minecraft:iron_boots":5,"minecraft:furnace":8,"iceandfire:pixie_dust":16,"minecraft:stick":123,"iceandfire:ghost_chest":2,"minecraft:oak_fence":2,"minecraft:torch":64,"iceandfire:dragonscales_white":29,"minecraft:spruce_stairs":1,"minecraft:porkchop":36,"werewolves:wolfsbane":1,"werewolves:dark_pelt":1,"minecraft:diorite":35,"vampirism:vampire_fang":22,"minecraft:rotten_flesh":44,"vampirism:pure_blood_2":1,"vampirism:purified_garlic":7,"iceandfire:tide_purple_helmet":2,"minecraft:obsidian":3,"minecraft:cobblestone":441,"minecraft:andesite":18,"minecraft:potato":4,"minecraft:tuff":28,"minecraft:dirt":673,"iceandfire:dragonscales_bronze":3,"iceandfire:dragonbone_sword_ice":3,"minecraft:glass":79,"minecraft:bone":73,"minecraft:bow":4,"minecraft:wheat_seeds":2624,"vampirism:pure_blood_1":3,"vampirism:item_garlic":3,"minecraft:grindstone":1,"minecraft:mossy_stone_bricks":8,"minecraft:oak_planks":29,"minecraft:stone_hoe":2,"vampirism:blood_sieve":2,"minecraft:cooked_porkchop":8,"iceandfire:podium_spruce":1,"minecraft:sand":428,"biomesoplenty:fir_fence":33,"minecraft:spectral_arrow":327,"vampirism:pure_blood_0":2,"minecraft:sugar":1,"minecraft:diamond":50,"waystones:waystone":2,"iceandfire:dragonbone_sword_fire":3,"iceandfire:dragon_ice":3,"minecraft:cracked_polished_blackstone_bricks":1,"minecraft:emerald":10,"werewolves:cracked_bone":6,"iceandfire:silver_nugget":114,"minecraft:oak_sapling":4,"iceandfire:tide_trident":2,"minecraft:netherrack":37,"minecraft:charcoal":2,"minecraft:azure_bluet":1,"minecraft:chicken":2,"minecraft:brown_mushroom":2,"minecraft:gold_block":52,"iceandfire:frozen_cobblestone":1,"minecraft:chain":2,"minecraft:shield":4,"minecraft:iron_axe":2,"minecraft:blackstone":75,"minecraft:oak_boat":1,"minecraft:sugar_cane":11,"iceandfire:ice_dragon_heart":1,"minecraft:raw_iron":81,"iceandfire:dragonbone":94,"iceandfire:dragonscales_green":21,"minecraft:polished_blackstone_bricks":15,"iceandfire:blindfold":1,"biomesoplenty:redwood_planks":206,"iceandfire:sea_serpent_scales_purple":23,"minecraft:arrow":195,"vampirism:altar_inspiration":1,"mowziesmobs:ice_crystal":1,"minecraft:skeleton_skull":6,"vampirism:pure_blood_4":2,"minecraft:basalt":1,"minecraft:leather":208,"alexsmobs:cachalot_whale_tooth":1,"iceandfire:ectoplasm":6,"minecraft:cobbled_deepslate_stairs":5,"minecraft:gunpowder":8,"minecraft:cobblestone_stairs":3,"vampirism:human_heart":26,"minecraft:iron_ingot":80,"iceandfire:sea_serpent_scales_deepblue":6,"iceandfire:fire_dragon_flesh":6,"minecraft:soul_sand":20,"minecraft:oak_slab":1,"minecraft:pumpkin":3,"minecraft:dandelion":18,"iceandfire:ash":3,"minecraft:quartz":21,"minecraft:lava_bucket":1,"minecraft:amethyst_shard":16,"mowziesmobs:wrought_helmet":3,"minecraft:white_bed":1,"vampirism:altar_infusion":2,"minecraft:spider_eye":8,"vampirism:altar_tip":8,"minecraft:iron_helmet":3,"iceandfire:sea_serpent_scales_red":1,"minecraft:coal":82,"minecraft:sunflower":5},"minecraft:broken":{"minecraft:golden_boots":1,"minecraft:iron_boots":1,"minecraft:iron_leggings":2,"minecraft:iron_sword":3,"minecraft:stone_hoe":2,"minecraft:shield":1,"minecraft:iron_pickaxe":2,"minecraft:iron_helmet":1,"iceandfire:tide_purple_helmet":1,"minecraft:wooden_hoe":1,"minecraft:iron_shovel":1,"minecraft:golden_shovel":1,"iceandfire:armor_green_leggings":1,"minecraft:diamond_chestplate":1},"minecraft:killed":{"vampirism:vampire":56,"minecraft:cave_spider":18,"vampirism:advanced_vampire":7,"iceandfire:gorgon":3,"mowziesmobs:frostmaw":1,"minecraft:skeleton":27,"vampirism:advanced_hunter":7,"vampirism:vampire_baron":5,"minecraft:iron_golem":2,"minecraft:zombie":16,"iceandfire:sea_serpent":7,"minecraft:cow":153,"mowziesmobs:naga":1,"alexsmobs:raccoon":2,"alexsmobs:seagull":3,"mowziesmobs:ferrous_wroughtnaut":2,"minecraft:wandering_trader":1,"minecraft:polar_bear":1,"iceandfire:ghost":8,"minecraft:enderman":1,"minecraft:witch":2,"minecraft:spider":29,"minecraft:piglin_brute":3,"minecraft:piglin":3,"minecraft:pig":2,"alexsmobs:crimson_mosquito":2,"vampirism:hunter":61,"minecraft:trader_llama":1,"alexsmobs:terrapin":2,"minecraft:stray":1,"iceandfire:pixie":2,"werewolves:werewolf_survivalist":4,"minecraft:blaze":1,"alexsmobs:dropbear":1,"alexsmobs:sugar_glider":1,"iceandfire:fire_dragon":1,"alexsmobs:bison":1,"minecraft:drowned":2,"alexsmobs:skunk":1,"minecraft:bat":1,"minecraft:hoglin":3,"minecraft:wither_skeleton":11},"minecraft:used":{"iceandfire:dragon_skull_ice":1,"minecraft:poppy":4,"vampirism:altar_infusion":1,"minecraft:chest":4,"vampirism:blood_container":58,"minecraft:rotten_flesh":13,"biomesoplenty:yellow_maple_sapling":1,"minecraft:soul_sand":2,"minecraft:snowball":18,"minecraft:lava_bucket":66,"vampirism:blood_sieve":4,"minecraft:bow":81,"minecraft:oak_sapling":1,"minecraft:sweet_berries":2,"minecraft:furnace":10,"minecraft:egg":3,"minecraft:mossy_stone_bricks":2,"iceandfire:dragonbone_sword_ice":15,"vampirism:human_heart":18,"minecraft:sand":11,"minecraft:crying_obsidian":3,"werewolves:stone_altar_fire_bowl":2,"vampirism:cursed_earth":1,"minecraft:diamond_sword":459,"minecraft:oak_boat":2,"vampirism:heart_seeker_enhanced":11,"biomesoplenty:maple_boat":2,"minecraft:light_gray_carpet":4,"minecraft:netherrack":12,"travelersbackpack:bat":25,"minecraft:torch":57,"iceandfire:frost_lily":3,"iceandfire:copper_sword":106,"minecraft:golden_shovel":34,"minecraft:iron_axe":117,"minecraft:iron_block":2,"werewolves:wolf_berries":2,"iceandfire:dragon_ice":2,"minecraft:basalt":1,"minecraft:cobbled_deepslate":33,"minecraft:wheat_seeds":1227,"minecraft:water_bucket":104,"vampirism:altar_inspiration":2,"vampirism:blood_grinder":6,"minecraft:polished_blackstone_bricks":2,"minecraft:crafting_table":28,"minecraft:white_bed":3,"mowziesmobs:wrought_axe":868,"minecraft:diamond_pickaxe":412,"minecraft:cornflower":7,"minecraft:oxeye_daisy":2,"minecraft:diamond_shovel":543,"iceandfire:dragonbone_sword_fire":288,"minecraft:iron_pickaxe":752,"vampirism:altar_tip":8,"travelersbackpack:standard":5,"minecraft:cobblestone":153,"minecraft:potion":5,"minecraft:purple_bed":9,"minecraft:cooked_porkchop":5,"minecraft:dandelion":8,"iceandfire:tide_trident":13,"iceandfire:ghost_sword":2,"minecraft:iron_shovel":326,"minecraft:shield":115,"minecraft:iron_sword":753,"minecraft:iron_chestplate":1,"vampirism:coffin_white":11,"minecraft:obsidian":1,"minecraft:milk_bucket":1,"minecraft:iron_helmet":1,"minecraft:stone_bricks":5,"biomesoplenty:fir_fence_gate":2,"minecraft:gold_block":2,"biomesoplenty:fir_fence":69,"iceandfire:tide_purple_boots":1,"minecraft:oak_planks":22,"biomesoplenty:maple_planks":45,"minecraft:sandstone":11,"biomesoplenty:fir_planks":12,"biomesoplenty:fir_boat":1,"minecraft:sugar_cane":1,"minecraft:white_wool":6,"minecraft:crossbow":3,"minecraft:cobbled_deepslate_stairs":40,"waystones:waystone":2,"minecraft:bread":3,"vampirism:altar_pillar":23,"minecraft:gravel":2,"iceandfire:dragon_skull_fire":2,"minecraft:bone_meal":192,"minecraft:experience_bottle":3,"travelersbackpack:blaze":3,"minecraft:flint_and_steel":12,"biomesoplenty:redwood_planks":47,"minecraft:spruce_planks":13,"minecraft:stone_hoe":264,"minecraft:dirt":374,"minecraft:white_carpet":9,"minecraft:iron_hoe":13,"minecraft:iron_boots":2,"minecraft:cooked_beef":3,"minecraft:powder_snow_bucket":4,"minecraft:iron_leggings":3,"iceandfire:fire_dragon_flesh":3,"minecraft:cobblestone_stairs":11,"iceandfire:pixie_house_spruce":1,"minecraft:glass_bottle":5,"minecraft:smoker":10,"minecraft:wooden_hoe":63,"iceandfire:graveyard_soil":4,"iceandfire:ash":1,"minecraft:stone_axe":41,"minecraft:bucket":189,"minecraft:wither_rose":2},"minecraft:custom":{"vampirism:interact_with_altar_of_infusion":4,"minecraft:interact_with_crafting_table":135,"minecraft:open_barrel":5,"minecraft:leave_game":25,"minecraft:time_since_death":21331,"minecraft:damage_blocked_by_shield":2057,"vampirism:interact_with_coffin":26,"minecraft:play_time":1168095,"minecraft:deaths":53,"minecraft:jump":12097,"minecraft:enchant_item":1,"minecraft:interact_with_furnace":75,"minecraft:traded_with_villager":7,"vampirism:action_used_bat":119,"minecraft:sleep_in_bed":31,"vampirism:actions_used":153,"vampirism:action_used_regen":32,"minecraft:waystone_activated":4,"minecraft:damage_dealt":117433,"minecraft:interact_with_smithing_table":21,"minecraft:interact_with_anvil":3,"vampirism:action_time_bat":68458,"vampirism:amount_bitten":736,"vampirism:action_time_regen":12115,"vampirism:infected_creatures":2,"minecraft:sneak_time":19415,"minecraft:total_world_time":1168095,"vampirism:blood_drunk":274000,"vampirism:interact_with_injection_chair":2,"minecraft:time_since_rest":21358,"vampirism:resurrected":11,"minecraft:swim_one_cm":639435,"minecraft:fly_one_cm":4097804,"minecraft:open_chest":328,"minecraft:fall_one_cm":273435,"minecraft:animals_bred":228,"minecraft:damage_resisted":203,"minecraft:sprint_one_cm":3461275,"vampirism:interact_with_totem":2,"minecraft:drop":676,"minecraft:talked_to_villager":40,"minecraft:walk_on_water_one_cm":376387,"vampirism:interact_with_blood_grinder":31,"vampirism:altar_of_inspiration_rituals_performed":20,"vampirism:interact_with_research_table":1,"minecraft:player_kills":2,"minecraft:crouch_one_cm":38501,"vampirism:action_used_infect":2,"minecraft:mob_kills":529,"minecraft:damage_dealt_resisted":6489,"minecraft:climb_one_cm":756,"minecraft:walk_one_cm":3166984,"vampirism:skills_unlocked":80,"vampirism:interact_with_altar_inspiration":43,"minecraft:walk_under_water_one_cm":277226,"minecraft:boat_one_cm":432612,"minecraft:interact_with_grindstone":1,"minecraft:damage_taken":2000753,"minecraft:trigger_trapped_chest":2},"minecraft:killed_by":{"vampirism:hunter_trainer":3,"iceandfire:siren":1,"mowziesmobs:frostmaw":1,"minecraft:stray":1,"iceandfire:ghost":2,"minecraft:ghast":1,"iceandfire:cyclops":6,"iceandfire:sea_serpent":1,"vampirism:vampire_baron":2,"iceandfire:ice_dragon":9,"iceandfire:fire_dragon":16,"minecraft:player":3,"alexsmobs:gelada_monkey":1},"minecraft:mined":{"minecraft:white_bed":1,"minecraft:granite":5,"minecraft:oxeye_daisy":2,"minecraft:spawner":5,"minecraft:polished_blackstone_bricks":17,"minecraft:tall_seagrass":1,"minecraft:magma_block":1,"minecraft:fire":30,"biomesoplenty:lavender":3,"minecraft:pumpkin":6,"werewolves:stone_altar_fire_bowl":2,"biomesoplenty:redwood_log":8,"minecraft:dirt_path":4,"minecraft:small_amethyst_bud":1,"minecraft:iron_block":2,"biomesoplenty:maple_log":33,"minecraft:kelp_plant":1,"minecraft:smoker":9,"minecraft:amethyst_cluster":4,"minecraft:powder_snow":7,"minecraft:torch":1,"minecraft:amethyst_block":4,"minecraft:skeleton_skull":2,"minecraft:wheat":910,"minecraft:wither_rose":2,"minecraft:grass":163,"minecraft:smooth_basalt":1,"minecraft:deepslate":338,"vampirism:altar_inspiration":1,"biomesoplenty:dune_grass":4,"travelersbackpack:bat":5,"minecraft:snow":3,"minecraft:andesite":25,"vampirism:altar_infusion":2,"minecraft:vine":1,"iceandfire:frost_lily":6,"iceandfire:podium_spruce":1,"vampirism:cursed_earth":4,"minecraft:oak_slab":1,"minecraft:light_gray_carpet":4,"biomesoplenty:redwood_planks":8,"minecraft:glass_pane":1,"minecraft:soul_sand":1,"vampirism:dark_stone":17,"minecraft:dandelion":13,"iceandfire:frozen_gravel":2,"vampirism:cursed_grass":2,"minecraft:cornflower":3,"biomesoplenty:fir_planks":6,"vampirism:coffin_white":10,"minecraft:campfire":1,"minecraft:tall_grass":10,"minecraft:diorite":35,"minecraft:purple_bed":8,"minecraft:coarse_dirt":1,"minecraft:stripped_spruce_wood":1,"minecraft:white_carpet":9,"minecraft:spruce_log":3,"minecraft:sunflower":6,"minecraft:gravel":40,"minecraft:cobweb":31,"biomesoplenty:orange_maple_leaf_pile":2,"minecraft:stone_bricks":3,"minecraft:fern":4,"vampirism:altar_tip":8,"vampirism:blood_sieve":2,"minecraft:spruce_planks":1,"iceandfire:graveyard_soil":14,"minecraft:farmland":12,"minecraft:cobbled_deepslate_stairs":4,"minecraft:cobblestone_stairs":3,"biomesoplenty:red_maple_leaves":2,"minecraft:budding_amethyst":1,"minecraft:grass_block":381,"minecraft:cracked_polished_blackstone_bricks":1,"minecraft:gilded_blackstone":3,"minecraft:iron_ore":42,"minecraft:azure_bluet":1,"biomesoplenty:yellow_maple_leaves":1,"minecraft:iron_bars":1,"iceandfire:pixie_house_spruce":1,"minecraft:blackstone":44,"biomesoplenty:hanging_cobweb_strand":1,"iceandfire:dragon_ice_spikes":2,"vampirism:blood_grinder":4,"minecraft:calcite":2,"minecraft:poppy":1,"iceandfire:ghost_chest":2,"minecraft:chest":4,"iceandfire:frozen_dirt":2,"minecraft:nether_quartz_ore":13,"minecraft:cobblestone":28,"minecraft:grindstone":1,"minecraft:oak_planks":3,"biomesoplenty:fir_log":9,"minecraft:oak_log":36,"minecraft:sand":291,"minecraft:dirt":225,"minecraft:netherrack":25,"minecraft:oak_leaves":15,"minecraft:diamond_ore":1,"minecraft:tuff":30,"minecraft:deepslate_diamond_ore":26,"iceandfire:frozen_cobblestone":2,"vampirism:altar_pillar":23,"gravestone:gravestone":42,"vampirism:vampire_orchid":6,"minecraft:spruce_leaves":3,"iceandfire:dragon_ice":2,"minecraft:sandstone":3,"biomesoplenty:tundra_shrub":1,"minecraft:large_fern":2,"minecraft:furnace":7,"minecraft:gold_block":23,"biomesoplenty:sea_oats":8,"minecraft:deepslate_iron_ore":22,"minecraft:packed_ice":1,"minecraft:stone":301,"minecraft:snow_block":43,"minecraft:basalt":1,"travelersbackpack:standard":1,"minecraft:oak_fence":3,"minecraft:crafting_table":14,"biomesoplenty:sprout":1,"minecraft:sculk":2,"minecraft:spruce_stairs":1,"biomesoplenty:fir_fence":33,"minecraft:ice":2,"vampirism:cursed_roots":2,"iceandfire:pixie_house_mushroom_red":1,"minecraft:coal_ore":39,"biomesoplenty:fir_leaves":1,"minecraft:mossy_stone_bricks":4,"biomesoplenty:redwood_wood":17},"minecraft:dropped":{"biomesoplenty:fir_log":7,"minecraft:porkchop":16,"minecraft:cooked_beef":11,"minecraft:glass_bottle":22,"minecraft:diamond":18,"minecraft:crafting_table":3,"minecraft:cooked_porkchop":8,"iceandfire:ectoplasm":3,"minecraft:emerald":10,"minecraft:gold_block":18,"minecraft:dirt":103,"vampirism:injection_empty":6,"iceandfire:blindfold":1,"minecraft:chain":2,"minecraft:gold_nugget":2,"minecraft:sunflower":5,"minecraft:sand":173,"iceandfire:fire_dragon_blood":1,"werewolves:wolfsbane":1,"minecraft:sugar":1,"minecraft:iron_pickaxe":6,"minecraft:white_wool":13,"alexsmobs:raccoon_tail":1,"minecraft:bone":15,"minecraft:stone_axe":1,"minecraft:sugar_cane":5,"minecraft:cobbled_deepslate":407,"minecraft:nether_brick":12,"minecraft:wheat":96,"minecraft:obsidian":2,"minecraft:rotten_flesh":30,"werewolves:raw_silver":2,"minecraft:oak_planks":2,"minecraft:azure_bluet":1,"iceandfire:sapphire_gem":3,"werewolves:bone_necklace":1,"iceandfire:ghost_chest":2,"minecraft:charcoal":2,"minecraft:glass":102,"minecraft:beef":24,"biomesoplenty:tall_lavender":3,"iceandfire:manuscript":2,"vampirism:item_garlic":3,"iceandfire:dragonbone_sword":1,"iceandfire:pixie_house_mushroom_red":1,"minecraft:wheat_seeds":701,"minecraft:cobbled_deepslate_stairs":1,"vampirism:pure_salt":3,"biomesoplenty:lavender":34,"minecraft:feather":3,"minecraft:cobblestone":98,"minecraft:apple":3,"minecraft:granite":5,"minecraft:coal":8,"minecraft:oxeye_daisy":2,"minecraft:gray_wool":1,"minecraft:ink_sac":2,"minecraft:wooden_hoe":1,"iceandfire:armor_green_chestplate":1,"minecraft:rabbit":3,"minecraft:diamond_helmet":3,"werewolves:liver":17,"mowziesmobs:wrought_helmet":1,"minecraft:pumpkin":3,"minecraft:paper":6,"minecraft:string":48,"iceandfire:frozen_cobblestone":1,"iceandfire:silver_nugget":42,"minecraft:furnace":1,"iceandfire:ghost_ingot":1,"alexsmobs:pigshoes":2,"minecraft:chicken":3,"minecraft:clay_ball":4,"minecraft:iron_boots":4,"iceandfire:dragon_skull_ice":1,"iceandfire:dragon_ice":1,"minecraft:diamond_sword":5,"minecraft:diamond_pickaxe":2,"iceandfire:silver_ingot":7,"minecraft:redstone_torch":1,"minecraft:spider_eye":4,"minecraft:stone_bricks":9,"minecraft:bow":4,"iceandfire:sea_serpent_fang":6,"minecraft:soul_sand":14,"minecraft:brown_mushroom":2,"biomesoplenty:red_maple_sapling":1,"vampirism:heart_seeker_enhanced":2,"iceandfire:chared_dirt":1,"iceandfire:ice_dragon_flesh":7,"iceandfire:tide_purple_boots":1,"minecraft:leather":33,"iceandfire:tide_trident":2,"iceandfire:gorgon_head":1,"biomesoplenty:orange_maple_sapling":2,"minecraft:flint":1,"minecraft:cornflower":2,"minecraft:mutton":57,"minecraft:snowball":116,"gravestone:obituary":77,"minecraft:gilded_blackstone":6,"minecraft:polished_blackstone_bricks":10,"minecraft:gold_ingot":92,"minecraft:gravel":65,"iceandfire:tide_purple_helmet":2,"minecraft:blackstone":42,"vampirism:blood_bottle":1,"minecraft:diamond_shovel":1,"minecraft:carrot":1,"werewolves:dream_catcher":1,"minecraft:poppy":4,"iceandfire:armor_silver_metal_boots":1,"minecraft:gunpowder":4,"iceandfire:pixie_dust":16,"minecraft:chest":4,"minecraft:arrow":52,"minecraft:netherrack":20,"minecraft:water_bucket":1,"minecraft:stone_hoe":1,"minecraft:bread":3,"minecraft:oak_slab":1,"biomesoplenty:jacaranda_sapling":2,"biomesoplenty:maple_door":2,"iceandfire:armor_green_leggings":1,"iceandfire:dragonscales_green":4,"minecraft:lead":4,"minecraft:spectral_arrow":237,"minecraft:amethyst_block":4,"iceandfire:frozen_gravel":1,"minecraft:spruce_stairs":1,"mowziesmobs:wrought_axe":1,"minecraft:stick":31,"minecraft:iron_block":3,"vampirism:purified_garlic":7,"iceandfire:podium_spruce":1,"minecraft:diorite":35,"minecraft:torch":1,"werewolves:cracked_bone":6,"alexsmobs:dropbear_claw":4,"minecraft:iron_leggings":2,"minecraft:iron_axe":1,"vampirism:garlic_bread":1,"minecraft:dandelion":10,"minecraft:redstone":1,"minecraft:raw_copper":9,"minecraft:tuff":28,"iceandfire:witherbone":2,"minecraft:raw_iron":9,"iceandfire:dragonbone_sword_fire":3,"iceandfire:dragonbone_sword_ice":3,"minecraft:glass_pane":10,"minecraft:filled_map":1,"biomesoplenty:fir_planks":6,"iceandfire:copper_sword":1,"minecraft:iron_chestplate":3,"minecraft:andesite":18,"minecraft:mossy_stone_bricks":6,"minecraft:oak_sapling":3}},"DataVersion":3465}